<?xml version="1.0" encoding="UTF-8"?>

<beans:beans xmlns="http://www.springframework.org/schema/mvc"
       xmlns:xsi="http://www.w3.org/2001/XMLSchema-instance" xmlns:beans="http://www.springframework.org/schema/beans"
       xmlns:context="http://www.springframework.org/schema/context" xmlns:tx="http://www.springframework.org/schema/tx"
       xmlns:p="http://www.springframework.org/schema/p"
       xmlns:mvc="http://www.springframework.org/schema/mvc"
       xsi:schemaLocation="http://www.springframework.org/schema/mvc http://www.springframework.org/schema/mvc/spring-mvc.xsd
              http://www.springframework.org/schema/beans http://www.springframework.org/schema/beans/spring-beans.xsd
              http://www.springframework.org/schema/context http://www.springframework.org/schema/context/spring-context.xsd
              http://www.springframework.org/schema/tx http://www.springframework.org/schema/tx/spring-tx-4.0.xsd
              http://www.springframework.org/schema/mvc http://www.springframework.org/schema/mvc/spring-mvc-3.0.xsd">
    
    <context:component-scan base-package="com.java.hospital"/>
	
	<mvc:annotation-driven/>
	
	<beans:bean class="org.springframework.web.servlet.view.InternalResourceViewResolver">
		<beans:property name="prefix" value="/WEB-INF/views/"/>
		<beans:property name="suffix" value=".jsp"/>
	</beans:bean> 
	
    
    <beans:bean id="propertyConfigurer" class="org.springframework.beans.factory.config.PropertyPlaceholderConfigurer" p:location="/WEB-INF/jdbc.properties"/>
    
    <beans:bean id="hibernate4AnnotatedSessionFactory" class="org.springframework.orm.hibernate4.LocalSessionFactoryBean">
		<beans:property name="dataSource" ref="dataSource"/>
		<beans:property name="annotatedClasses">
			<beans:list>
				<beans:value>com.java.hospital.model.Patient</beans:value>
				<beans:value>com.java.hospital.model.PatientDiagnosis</beans:value>
				<beans:value>com.java.hospital.model.Physician</beans:value>
			</beans:list>
		</beans:property>
		
		<beans:property name="hibernateProperties">
			<beans:props>
				<beans:prop key="hibernate.dialect">org.hibernate.dialect.MySQLDialect</beans:prop>
				<beans:prop key="hibernate.show_sql">true</beans:prop>
				<beans:prop key="hibernate.hbm2ddl.auto">update</beans:prop>
				
			</beans:props>
		</beans:property>
	</beans:bean>
	
	<beans:bean id="dataSource" class="org.apache.commons.dbcp.BasicDataSource" destroy-method="close">
		<beans:property name="driverClassName" value="${jdbc.driverClassName}"/>
		<beans:property name="url" value="${jdbc.databaseurl}"/>
		<beans:property name="username" value="${jdbc.username}"/>
		<beans:property name="password" value="${jdbc.password}"/>
		
	</beans:bean>
    
 
    
    <!-- Patient -->
    <beans:bean id="patientServiceI" class="com.java.hospital.service.PatientServiceImpl">
		<beans:property name="patientDaoI" ref="patientDaoI"/>
	</beans:bean>
	
	<beans:bean id="patientDaoI" class="com.java.hospital.dao.PatientDaoImpl">
		<beans:property name="sessionFactory" ref="hibernate4AnnotatedSessionFactory"></beans:property>
		<!-- <beans:property name="manager" ref="transactionManager"></beans:property> -->
	</beans:bean>
	
	 <!-- Patient Diagnosis-->
	
	<beans:bean id="patientDiagnosisServiceI" class="com.java.hospital.service.PatientDiagnosisServiceImpl">
		<beans:property name="patientDiagnosisDaoI" ref="patientDiagnosisDaoI"/>
	</beans:bean>
	
	<beans:bean id="patientDiagnosisDaoI" class="com.java.hospital.dao.PatientDiagnosisDaoImpl">
		<beans:property name="sessionFactory" ref="hibernate4AnnotatedSessionFactory"></beans:property>
	</beans:bean>
	
	<beans:bean id="physicianServiceI" class="com.java.hospital.service.PhysicianServiceImpl">
		<beans:property name="physicianDaoI" ref="physicianDaoI"/>
	</beans:bean>
	
	<beans:bean id="physicianDaoI" class="com.java.hospital.dao.PhysicianDaoImpl">
		<beans:property name="sessionFactory" ref="hibernate4AnnotatedSessionFactory"></beans:property>
		
	</beans:bean>
    <!-- <tx:annotation-driven transaction-manager="transactionManager"/>
	
	<beans:bean id="transactionManager" class="org.springframework.orm.hibernate4.HibernateTransactionManager">
		<beans:property name="sessionFactory" ref="hibernate4AnnotatedSessionFactory"/>
	</beans:bean>
     -->
    </beans:beans>
    
    
    