<beans:beans xmlns="http://www.springframework.org/schema/security"
	xmlns:beans="http://www.springframework.org/schema/beans" xmlns:xsi="http://www.w3.org/2001/XMLSchema-instance"
	xsi:schemaLocation="http://www.springframework.org/schema/beans
    http://www.springframework.org/schema/beans/spring-beans-4.0.xsd
    http://www.springframework.org/schema/security
    http://www.springframework.org/schema/security/spring-security-4.0.xsd">

	<http  use-expressions="true">
		<intercept-url pattern="/showHome*" access="hasRole('ROLE_ADMIN')" />
		<form-login login-page="/login" default-target-url="/showHome"
			authentication-failure-url="/loginError" />
		<logout logout-success-url="/logout" logout-url="/j_logout" />
		<!--  https://docs.kentico.com/k9/securing-websites/developing-secure-websites/cross-site-request-forgery-csrf-xsrf-->
		<csrf disabled="true" />
	</http>

	<authentication-manager>
		<authentication-provider>
		 <user-service>
                <user name="admin" password="admin" authorities="ROLE_ADMIN" />
 
            </user-service>
		</authentication-provider>
	</authentication-manager>
</beans:beans>
